{"cameraMode":{"drawMode":0,"name":"Shaded","section":"Shading Mode"},"sceneLighting":true,"audioPlay":false,"sceneViewState":{"showFog":true,"showMaterialUpdate":false,"showSkybox":false,"showFlares":true,"showImageEffects":true,"showParticleSystems":true},"in2DMode":false,"pivot":{"x":-0.030071258544921876,"y":5.0,"z":0.026317596435546876},"rotation":{"x":0.25848111510276797,"y":-0.3465625047683716,"z":0.09995996952056885,"w":0.896162211894989},"size":47.79267120361328,"orthographic":false}