{"cameraMode":{"drawMode":0,"name":"Shaded","section":"Shading Mode"},"sceneLighting":true,"audioPlay":false,"sceneViewState":{"showFog":true,"showMaterialUpdate":false,"showSkybox":false,"showFlares":true,"showImageEffects":true,"showParticleSystems":true},"in2DMode":false,"pivot":{"x":13.94517707824707,"y":1.900018572807312,"z":-3.060019016265869},"rotation":{"x":-0.15269924700260163,"y":-0.5021567940711975,"z":0.09060011804103852,"w":-0.8463563919067383},"size":13.090397834777832,"orthographic":true}