{"cameraMode":{"drawMode":0,"name":"Shaded","section":"Shading Mode"},"sceneLighting":true,"audioPlay":false,"sceneViewState":{"showFog":true,"showMaterialUpdate":false,"showSkybox":false,"showFlares":true,"showImageEffects":true,"showParticleSystems":true},"in2DMode":false,"pivot":{"x":-8.809985160827637,"y":1.8226065635681153,"z":-12.229997634887696},"rotation":{"x":0.09849782288074494,"y":0.873550295829773,"z":-0.198555588722229,"w":0.4333435297012329},"size":31.7427921295166,"orthographic":true}