{"cameraMode":{"drawMode":0,"name":"Shaded","section":"Shading Mode"},"sceneLighting":true,"audioPlay":false,"sceneViewState":{"showFog":true,"showMaterialUpdate":false,"showSkybox":false,"showFlares":true,"showImageEffects":true,"showParticleSystems":true},"in2DMode":false,"pivot":{"x":34.21076965332031,"y":1.949989914894104,"z":-4.469995975494385},"rotation":{"x":-0.0473158098757267,"y":0.8986343145370483,"z":-0.10015904903411865,"w":-0.42449501156806948},"size":17.28421974182129,"orthographic":true}