{"cameraMode":{"drawMode":0,"name":"Shaded","section":"Shading Mode"},"sceneLighting":true,"audioPlay":false,"sceneViewState":{"showFog":true,"showMaterialUpdate":false,"showSkybox":false,"showFlares":true,"showImageEffects":true,"showParticleSystems":true},"in2DMode":false,"pivot":{"x":-0.015035629272460938,"y":-0.13892364501953126,"z":0.013158798217773438},"rotation":{"x":0.25848111510276797,"y":-0.3465625047683716,"z":0.09995996952056885,"w":0.896162211894989},"size":120.0311279296875,"orthographic":false}