{"cameraMode":{"drawMode":0,"name":"Shaded","section":"Shading Mode"},"sceneLighting":false,"audioPlay":false,"sceneViewState":{"showFog":true,"showMaterialUpdate":false,"showSkybox":false,"showFlares":true,"showImageEffects":true,"showParticleSystems":true},"in2DMode":false,"pivot":{"x":-9.210000038146973,"y":0.9700000286102295,"z":4.511000156402588},"rotation":{"x":0.14612768590450288,"y":-0.20698778331279756,"z":0.03128276392817497,"w":0.9668650031089783},"size":0.7696003913879395,"orthographic":true}