{"cameraMode":{"drawMode":0,"name":"Shaded","section":"Shading Mode"},"sceneLighting":false,"audioPlay":false,"sceneViewState":{"showFog":true,"showMaterialUpdate":false,"showSkybox":false,"showFlares":true,"showImageEffects":true,"showParticleSystems":true},"in2DMode":false,"pivot":{"x":-8.917502403259278,"y":1.9607306718826295,"z":-0.9999998211860657},"rotation":{"x":0.48306506872177126,"y":0.07919590920209885,"z":-0.04381946474313736,"w":0.870936930179596},"size":23.814960479736329,"orthographic":true}