{"cameraMode":{"drawMode":0,"name":"Shaded","section":"Shading Mode"},"sceneLighting":true,"audioPlay":false,"sceneViewState":{"showFog":true,"showMaterialUpdate":false,"showSkybox":false,"showFlares":true,"showImageEffects":true,"showParticleSystems":true},"in2DMode":false,"pivot":{"x":-8.16015625,"y":2.179448366165161,"z":-0.5892722606658936},"rotation":{"x":0.03888034448027611,"y":0.585316002368927,"z":-0.028116745874285699,"w":0.8093847036361694},"size":9.529189109802246,"orthographic":true}