{"cameraMode":{"drawMode":0,"name":"Shaded","section":"Shading Mode"},"sceneLighting":true,"audioPlay":false,"sceneViewState":{"showFog":true,"showMaterialUpdate":false,"showSkybox":false,"showFlares":true,"showImageEffects":true,"showParticleSystems":true},"in2DMode":false,"pivot":{"x":-24.115474700927736,"y":1.9800043106079102,"z":-1.1299965381622315},"rotation":{"x":-0.1836075782775879,"y":-0.6058357954025269,"z":-0.14633524417877198,"w":0.7601631283760071},"size":24.56621551513672,"orthographic":true}