{"cameraMode":{"drawMode":0,"name":"Shaded","section":"Shading Mode"},"sceneLighting":false,"audioPlay":false,"sceneViewState":{"showFog":true,"showMaterialUpdate":false,"showSkybox":false,"showFlares":true,"showImageEffects":true,"showParticleSystems":true},"in2DMode":false,"pivot":{"x":-20.735767364501954,"y":0.3348357677459717,"z":-10.41015625},"rotation":{"x":0.0704377293586731,"y":0.010473730973899365,"z":-0.0007396230939775705,"w":0.9974612593650818},"size":15.325761795043946,"orthographic":true}