{"cameraMode":{"drawMode":0,"name":"Shaded","section":"Shading Mode"},"sceneLighting":true,"audioPlay":false,"sceneViewState":{"showFog":true,"showMaterialUpdate":false,"showSkybox":false,"showFlares":true,"showImageEffects":true,"showParticleSystems":true},"in2DMode":false,"pivot":{"x":3.1171875,"y":2.537370443344116,"z":-1.2962342500686646},"rotation":{"x":-0.03104238025844097,"y":0.6996335387229919,"z":-0.030453916639089586,"w":-0.7131853699684143},"size":13.223188400268555,"orthographic":true}